{"cameraMode":{"drawMode":0,"name":"Shaded","section":"Shading Mode"},"sceneLighting":true,"audioPlay":false,"sceneViewState":{"showFog":true,"showMaterialUpdate":false,"showSkybox":true,"showFlares":true,"showImageEffects":true,"showParticleSystems":true},"in2DMode":false,"pivot":{"x":-8.850903511047364,"y":6.099509239196777,"z":2.7318105697631838},"rotation":{"x":-0.004476962611079216,"y":0.36542853713035586,"z":-0.001757499878294766,"w":-0.9308276176452637},"size":34.36909103393555,"orthographic":false}